image_file,x0,y0,x1,y1
151.bmp,0.42678347,0.4397496,0.44055068,0.73552424
152.bmp,0.4192741,0.39749607,0.39299124,0.68701094
